[
    {
    "Date of Last Win": "10/12/13",
    "Games\r": 1215,
    "Losses": 302,
    "Mascot": "Wolverines",
    "Rank": 1,
    "Team": "Michigan  ",
    "Ties": 36,
    "Winning Percetnage": 0.73663,
    "Wins": 877
    },
    {
    "Date of Last Win": "10/5/13",
    "Games\r": 1169,
    "Losses": 290,
    "Mascot": "Fighting Irish",
    "Rank": 2,
    "Team": "Notre Dame ",
    "Ties": 42,
    "Winning Percetnage": 0.73396,
    "Wins": 837
    },
    {
    "Date of Last Win": "10/12/13",
    "Games\r": 1196,
    "Losses": 318,
    "Mascot": "Longhorns",
    "Rank": 3,
    "Team": "Texas ",
    "Ties": 33,
    "Winning Percetnage": 0.72032,
    "Wins": 845
    },
    {
    "Date of Last Win": "9/28/13",
    "Games\r": 1180,
    "Losses": 308,
    "Mascot": "Buckeyes",
    "Rank": 4,
    "Team": "Ohio State ",
    "Ties": 53,
    "Winning Percetnage": 0.71653,
    "Wins": 819
    },
    {
    "Date of Last Win": "9/21/13",
    "Games\r": 1154,
    "Losses": 302,
    "Mascot": "Sooners",
    "Rank": 5,
    "Team": "Oklahoma ",
    "Ties": 53,
    "Winning Percetnage": 0.71534,
    "Wins": 799
    },
    {
    "Date of Last Win": "10/5/13",
    "Games\r": 1151,
    "Losses": 316,
    "Mascot": "Roll Tide",
    "Rank": 6,
    "Team": "Alabama ",
    "Ties": 43,
    "Winning Percetnage": 0.70678,
    "Wins": 792
    },
    {
    "Date of Last Win": "10/12/13",
    "Games\r": 1136,
    "Losses": 307,
    "Mascot": "Trojans",
    "Rank": 7,
    "Team": "Southern Cal ",
    "Ties": 54,
    "Winning Percetnage": 0.70599,
    "Wins": 775
    },
    {
    "Date of Last Win": "10/5/13",
    "Games\r": 1208,
    "Losses": 341,
    "Mascot": "Cornhuskers",
    "Rank": 8,
    "Team": "Nebraska ",
    "Ties": 40,
    "Winning Percetnage": 0.70116,
    "Wins": 827
    },
    {
    "Date of Last Win": "Go Vols",
    "Games\r": 1169,
    "Losses": 333,
    "Mascot": "Volunteers",
    "Rank": 9,
    "Team": "Tennessee ",
    "Ties": 53,
    "Winning Percetnage": 0.69247,
    "Wins": 783
    },
    {
    "Date of Last Win": "9/21/13",
    "Games\r": 1204,
    "Losses": 351,
    "Mascot": "Nittany Lions",
    "Rank": 10,
    "Team": "Penn State ",
    "Ties": 42,
    "Winning Percetnage": 0.69103,
    "Wins": 811
    },
    {
    "Date of Last Win": "9/28/13",
    "Games\r": 698,
    "Losses": 227,
    "Mascot": "Seminoles",
    "Rank": 11,
    "Team": "Florida State ",
    "Ties": 17,
    "Winning Percetnage": 0.66261,
    "Wins": 454
    },
    {
    "Date of Last Win": "9/21/13",
    "Games\r": 1174,
    "Losses": 389,
    "Mascot": "Bulldogs",
    "Rank": 12,
    "Team": "Georgia ",
    "Ties": 54,
    "Winning Percetnage": 0.64566,
    "Wins": 731
    },
    {
    "Date of Last Win": "9/28/13",
    "Games\r": 1143,
    "Losses": 387,
    "Mascot": "Tigers",
    "Rank": 13,
    "Team": "Louisiana State ",
    "Ties": 47,
    "Winning Percetnage": 0.64086,
    "Wins": 709
    },
    {
    "Date of Last Win": "9/21/13",
    "Games\r": 886,
    "Losses": 314,
    "Mascot": "Hurricanes",
    "Rank": 14,
    "Team": "Miami-Florida ",
    "Ties": 19,
    "Winning Percetnage": 0.63488,
    "Wins": 553
    },
    {
    "Date of Last Win": "10/12/13",
    "Games\r": 1068,
    "Losses": 374,
    "Mascot": "Gators",
    "Rank": 15,
    "Team": "Florida ",
    "Ties": 40,
    "Winning Percetnage": 0.63109,
    "Wins": 654
    },
    {
    "Date of Last Win": "10/5/13",
    "Games\r": 1136,
    "Losses": 400,
    "Mascot": "Tigers",
    "Rank": 16,
    "Team": "Auburn ",
    "Ties": 47,
    "Winning Percetnage": 0.6272,
    "Wins": 689
    },
    {
    "Date of Last Win": "9/28/13",
    "Games\r": 1084,
    "Losses": 390,
    "Mascot": "Redhawks",
    "Rank": 17,
    "Team": "Miami-Ohio ",
    "Ties": 44,
    "Winning Percetnage": 0.61993,
    "Wins": 650
    },
    {
    "Date of Last Win": "9/21/13",
    "Games\r": 1112,
    "Losses": 404,
    "Mascot": "Huskies",
    "Rank": 18,
    "Team": "Washington ",
    "Ties": 50,
    "Winning Percetnage": 0.61421,
    "Wins": 658
    },
    {
    "Date of Last Win": "10/12/13",
    "Games\r": 916,
    "Losses": 343,
    "Mascot": "Sun Devils",
    "Rank": 19,
    "Team": "Arizona State ",
    "Ties": 24,
    "Winning Percetnage": 0.61245,
    "Wins": 549
    },
    {
    "Date of Last Win": "10/5/13",
    "Games\r": 963,
    "Losses": 357,
    "Mascot": "Chippewas",
    "Rank": 20,
    "Team": "Central Michigan ",
    "Ties": 36,
    "Winning Percetnage": 0.61059,
    "Wins": 570
    },
    {
    "Date of Last Win": "10/12/13",
    "Games\r": 1142,
    "Losses": 428,
    "Mascot": "Hokies",
    "Rank": 21,
    "Team": "Virginia Tech ",
    "Ties": 46,
    "Winning Percetnage": 0.60508,
    "Wins": 668
    },
    {
    "Date of Last Win": "10/5/13",
    "Games\r": 1137,
    "Losses": 435,
    "Mascot": "Buffaloes",
    "Rank": 22,
    "Team": "Colorado ",
    "Ties": 36,
    "Winning Percetnage": 0.60158,
    "Wins": 666
    },
    {
    "Date of Last Win": "9/28/13",
    "Games\r": 1177,
    "Losses": 450,
    "Mascot": "Mountaineers",
    "Rank": 23,
    "Team": "West Virginia ",
    "Ties": 45,
    "Winning Percetnage": 1.59856,
    "Wins": 682
    },
    {
    "Date of Last Win": "9/21/13",
    "Games\r": 1153,
    "Losses": 440,
    "Mascot": "Aggies",
    "Rank": 24,
    "Team": "Texas A&M ",
    "Ties": 48,
    "Winning Percetnage": 0.59757,
    "Wins": 665
    },
    {
    "Date of Last Win": "10/12/13",
    "Games\r": 1160,
    "Losses": 446,
    "Mascot": "Yellow Jackets",
    "Rank": 25,
    "Team": "Georgia Tech ",
    "Ties": 42,
    "Winning Percetnage": 0.59741,
    "Wins": 672
    },
    {
    "Date of Last Win": "10/5/13",
    "Games\r": 941,
    "Losses": 365,
    "Mascot": "Bulldogs",
    "Rank": 26,
    "Team": "Fresno State ",
    "Ties": 29,
    "Winning Percetnage": 0.59671,
    "Wins": 547
    },
    {
    "Date of Last Win": "10/12/13",
    "Games\r": 870,
    "Losses": 328,
    "Mascot": "Falcons",
    "Rank": 27,
    "Team": "Bowling Green ",
    "Ties": 52,
    "Winning Percetnage": 0.5931,
    "Wins": 490
    },
    {
    "Date of Last Win": "10/5/13",
    "Games\r": 917,
    "Losses": 361,
    "Mascot": "Golden Eagles",
    "Rank": 28,
    "Team": "Southern Miss ",
    "Ties": 25,
    "Winning Percetnage": 0.59269,
    "Wins": 531
    },
    {
    "Date of Last Win": "9/28/13",
    "Games\r": 1146,
    "Losses": 449,
    "Mascot": "Razorbacks",
    "Rank": 29,
    "Team": "Arkansas ",
    "Ties": 39,
    "Winning Percetnage": 0.59119,
    "Wins": 658
    },
    {
    "Date of Last Win": "9/21/13",
    "Games\r": 1123,
    "Losses": 437,
    "Mascot": "Tigers",
    "Rank": 30,
    "Team": "Clemson ",
    "Ties": 45,
    "Winning Percetnage": 0.59083,
    "Wins": 641
    },
    {
    "Date of Last Win": "10/12/13",
    "Games\r": 1090,
    "Losses": 429,
    "Mascot": "Eagles",
    "Rank": 31,
    "Team": "Boston College ",
    "Ties": 37,
    "Winning Percetnage": 0.58945,
    "Wins": 624
    },
    {
    "Date of Last Win": "10/5/13",
    "Games\r": 1086,
    "Losses": 425,
    "Mascot": "Spartans",
    "Rank": 32,
    "Team": "Michigan State ",
    "Ties": 44,
    "Winning Percetnage": 0.5884,
    "Wins": 617
    },
    {
    "Date of Last Win": "10/12/13",
    "Games\r": 1058,
    "Losses": 420,
    "Mascot": "Utes",
    "Rank": 33,
    "Team": "Utah ",
    "Ties": 31,
    "Winning Percetnage": 0.58837,
    "Wins": 607
    },
    {
    "Date of Last Win": "10/5/13",
    "Games\r": 947,
    "Losses": 373,
    "Mascot": "Tigers",
    "Rank": 34,
    "Team": "UCLA ",
    "Ties": 37,
    "Winning Percetnage": 0.58659,
    "Wins": 537
    },
    {
    "Date of Last Win": "10/12/13",
    "Games\r": 1206,
    "Losses": 479,
    "Mascot": "Orangemen",
    "Rank": 35,
    "Team": "Syracuse ",
    "Ties": 49,
    "Winning Percetnage": 0.5825,
    "Wins": 678
    },
    {
    "Date of Last Win": "10/5/13",
    "Games\r": 1149,
    "Losses": 456,
    "Mascot": "Mules",
    "Rank": 36,
    "Team": "Army ",
    "Ties": 51,
    "Winning Percetnage": 0.58094,
    "Wins": 642
    },
    {
    "Date of Last Win": "10/12/13",
    "Games\r": 1183,
    "Losses": 478,
    "Mascot": "Panthers",
    "Rank": 37,
    "Team": "Pittsburgh ",
    "Ties": 42,
    "Winning Percetnage": 0.57819,
    "Wins": 663
    },
    {
    "Date of Last Win": "9/28/13",
    "Games\r": 1142,
    "Losses": 462,
    "Mascot": "Golden Gophers",
    "Rank": 38,
    "Team": "Minnesota ",
    "Ties": 41,
    "Winning Percetnage": 0.5775,
    "Wins": 639
    },
    {
    "Date of Last Win": "9/21/13",
    "Games\r": 905,
    "Losses": 374,
    "Mascot": "Cougars",
    "Rank": 39,
    "Team": "Brigham Young ",
    "Ties": 26,
    "Winning Percetnage": 0.57238,
    "Wins": 505
    },
    {
    "Date of Last Win": "10/5/13",
    "Games\r": 994,
    "Losses": 409,
    "Mascot": "Wildcats",
    "Rank": 40,
    "Team": "Arizona ",
    "Ties": 33,
    "Winning Percetnage": 0.57193,
    "Wins": 552
    },
    {
    "Date of Last Win": "9/28/13",
    "Games\r": 904,
    "Losses": 370,
    "Mascot": "Bulldogs",
    "Rank": 41,
    "Team": "Louisiana Tech ",
    "Ties": 34,
    "Winning Percetnage": 0.5719,
    "Wins": 500
    },
    {
    "Date of Last Win": "9/21/13",
    "Games\r": 1189,
    "Losses": 488,
    "Mascot": "Tarheels",
    "Rank": 42,
    "Team": "North Carolina ",
    "Ties": 54,
    "Winning Percetnage": 0.56686,
    "Wins": 647
    },
    {
    "Date of Last Win": "10/12/13",
    "Games\r": 929,
    "Losses": 390,
    "Mascot": "Rainbow Warriors",
    "Rank": 43,
    "Team": "Hawaii ",
    "Ties": 26,
    "Winning Percetnage": 0.5662,
    "Wins": 513
    },
    {
    "Date of Last Win": "10/5/13",
    "Games\r": 1151,
    "Losses": 474,
    "Mascot": "Golden Bears",
    "Rank": 44,
    "Team": "California ",
    "Ties": 51,
    "Winning Percetnage": 0.56603,
    "Wins": 626
    },
    {
    "Date of Last Win": "10/12/13",
    "Games\r": 1118,
    "Losses": 468,
    "Mascot": "Rebels",
    "Rank": 45,
    "Team": "Mississippi ",
    "Ties": 35,
    "Winning Percetnage": 0.56574,
    "Wins": 615
    },
    {
    "Date of Last Win": "10/5/13",
    "Games\r": 1131,
    "Losses": 465,
    "Mascot": "Badgers",
    "Rank": 46,
    "Team": "Wisconsin ",
    "Ties": 53,
    "Winning Percetnage": 0.56543,
    "Wins": 613
    },
    {
    "Date of Last Win": "10/12/13",
    "Games\r": 936,
    "Losses": 393,
    "Mascot": "Red Raiders",
    "Rank": 47,
    "Team": "Texas Tech ",
    "Ties": 32,
    "Winning Percetnage": 0.56303,
    "Wins": 511
    },
    {
    "Date of Last Win": "10/5/13",
    "Games\r": 1012,
    "Losses": 431,
    "Mascot": "Golden Hurricanes",
    "Rank": 48,
    "Team": "Tulsa ",
    "Ties": 27,
    "Winning Percetnage": 0.56077,
    "Wins": 554
    },
    {
    "Date of Last Win": "9/28/13",
    "Games\r": 1047,
    "Losses": 436,
    "Mascot": "Cardinals",
    "Rank": 49,
    "Team": "Stanford ",
    "Ties": 49,
    "Winning Percetnage": 0.56017,
    "Wins": 562
    },
    {
    "Date of Last Win": "9/21/13",
    "Games\r": 934,
    "Losses": 399,
    "Mascot": "Broncos",
    "Rank": 50,
    "Team": "Western Michigan ",
    "Ties": 24,
    "Winning Percetnage": 0.55996,
    "Wins": 511
    },
    {
    "Date of Last Win": "10/12/13",
    "Games\r": 1219,
    "Losses": 519,
    "Mascot": "Goats",
    "Rank": 51,
    "Team": "Navy ",
    "Ties": 58,
    "Winning Percetnage": 0.55045,
    "Wins": 642
    },
    {
    "Date of Last Win": "10/5/13",
    "Games\r": 1081,
    "Losses": 0,
    "Mascot": "Ducks",
    "Rank": 52,
    "Team": "Oregon ",
    "Ties": 47,
    "Winning Percetnage": 0.5481,
    "Wins": 569
    },
    {
    "Date of Last Win": "10/12/13",
    "Games\r": 615,
    "Losses": 274,
    "Mascot": "Falcons",
    "Rank": 53,
    "Team": "Air Force ",
    "Ties": 13,
    "Winning Percetnage": 0.5439,
    "Wins": 328
    },
    {
    "Date of Last Win": "10/5/13",
    "Games\r": 880,
    "Losses": 390,
    "Mascot": "Rockets",
    "Rank": 54,
    "Team": "Toledo ",
    "Ties": 24,
    "Winning Percetnage": 0.54318,
    "Wins": 466
    },
    {
    "Date of Last Win": "9/28/13",
    "Games\r": 1176,
    "Losses": 514,
    "Mascot": "Tigers",
    "Rank": 55,
    "Team": "Missouri ",
    "Ties": 52,
    "Winning Percetnage": 0.54082,
    "Wins": 610
    },
    {
    "Date of Last Win": "9/21/13",
    "Games\r": 1118,
    "Losses": 494,
    "Mascot": "Boilermakers",
    "Rank": 56,
    "Team": "Purdue ",
    "Ties": 49,
    "Winning Percetnage": 0.53623,
    "Wins": 575
    },
    {
    "Date of Last Win": "10/12/13",
    "Games\r": 1129,
    "Losses": 511,
    "Mascot": "Hawkeyes",
    "Rank": 57,
    "Team": "Iowa ",
    "Ties": 39,
    "Winning Percetnage": 0.53012,
    "Wins": 579
    },
    {
    "Date of Last Win": "10/5/13",
    "Games\r": 1204,
    "Losses": 542,
    "Mascot": "Cavaliers",
    "Rank": 58,
    "Team": "Virginia ",
    "Ties": 48,
    "Winning Percetnage": 0.5299,
    "Wins": 614
    },
    {
    "Date of Last Win": "10/12/13",
    "Games\r": 1175,
    "Losses": 532,
    "Mascot": "Terrapins",
    "Rank": 59,
    "Team": "Maryland ",
    "Ties": 42,
    "Winning Percetnage": 0.52936,
    "Wins": 601
    },
    {
    "Date of Last Win": "9/28/13",
    "Games\r": 785,
    "Losses": 355,
    "Mascot": "Mean Green",
    "Rank": 60,
    "Team": "North Texas ",
    "Ties": 31,
    "Winning Percetnage": 0.52803,
    "Wins": 399
    },
    {
    "Date of Last Win": "9/21/13",
    "Games\r": 706,
    "Losses": 326,
    "Mascot": "Cougars",
    "Rank": 61,
    "Team": "Houston ",
    "Ties": 15,
    "Winning Percetnage": 0.52762,
    "Wins": 365
    },
    {
    "Date of Last Win": "10/5/13",
    "Games\r": 1133,
    "Losses": 509,
    "Mascot": "Horned Frogs",
    "Rank": 62,
    "Team": "Texas Christian ",
    "Ties": 56,
    "Winning Percetnage": 0.52604,
    "Wins": 568
    },
    {
    "Date of Last Win": "10/12/13",
    "Games\r": 799,
    "Losses": 365,
    "Mascot": "Cardinals",
    "Rank": 63,
    "Team": "Ball State ",
    "Ties": 32,
    "Winning Percetnage": 0.52315,
    "Wins": 402
    },
    {
    "Date of Last Win": "9/28/13",
    "Games\r": 755,
    "Losses": 357,
    "Mascot": "Pirates",
    "Rank": 64,
    "Team": "East Carolina ",
    "Ties": 12,
    "Winning Percetnage": 0.51921,
    "Wins": 386
    },
    {
    "Date of Last Win": "9/21/13",
    "Games\r": 1138,
    "Losses": 523,
    "Mascot": "Fighting Illini",
    "Rank": 65,
    "Team": "Illinois ",
    "Ties": 50,
    "Winning Percetnage": 0.51845,
    "Wins": 565
    },
    {
    "Date of Last Win": "10/5/13",
    "Games\r": 941,
    "Losses": 436,
    "Mascot": "Huskies",
    "Rank": 66,
    "Team": "Northern Illinois ",
    "Ties": 38,
    "Winning Percetnage": 0.51647,
    "Wins": 467
    },
    {
    "Date of Last Win": "10/12/13",
    "Games\r": 884,
    "Losses": 426,
    "Mascot": "Cardinals",
    "Rank": 67,
    "Team": "Louisville ",
    "Ties": 17,
    "Winning Percetnage": 0.50848,
    "Wins": 441
    },
    {
    "Date of Last Win": "10/5/13",
    "Games\r": 1176,
    "Losses": 550,
    "Mascot": "Jayhawks",
    "Rank": 68,
    "Team": "Kansas ",
    "Ties": 58,
    "Winning Percetnage": 0.50765,
    "Wins": 568
    },
    {
    "Date of Last Win": "10/12/13",
    "Games\r": 1240,
    "Losses": 592,
    "Mascot": "Scarlet Knights",
    "Rank": 69,
    "Team": "Rutgers ",
    "Ties": 42,
    "Winning Percetnage": 0.50565,
    "Wins": 606
    },
    {
    "Date of Last Win": "10/5/13",
    "Games\r": 995,
    "Losses": 474,
    "Mascot": "Zips",
    "Rank": 70,
    "Team": "Akron ",
    "Ties": 36,
    "Winning Percetnage": 0.50553,
    "Wins": 485
    },
    {
    "Date of Last Win": "10/12/13",
    "Games\r": 917,
    "Losses": 436,
    "Mascot": "Spartans",
    "Rank": 71,
    "Team": "San Jose State ",
    "Ties": 37,
    "Winning Percetnage": 0.50436,
    "Wins": 444
    },
    {
    "Date of Last Win": "10/5/13",
    "Games\r": 1169,
    "Losses": 558,
    "Mascot": "Wildcats",
    "Rank": 72,
    "Team": "Kentucky ",
    "Ties": 44,
    "Winning Percetnage": 0.50385,
    "Wins": 567
    },
    {
    "Date of Last Win": "9/28/13",
    "Games\r": 1114,
    "Losses": 526,
    "Mascot": "Wolfpack",
    "Rank": 73,
    "Team": "North Carolina State ",
    "Ties": 55,
    "Winning Percetnage": 0.50314,
    "Wins": 533
    },
    {
    "Date of Last Win": "9/21/13",
    "Games\r": 1111,
    "Losses": 532,
    "Mascot": "Gamecocks",
    "Rank": 74,
    "Team": "South Carolina ",
    "Ties": 44,
    "Winning Percetnage": 0.50135,
    "Wins": 535
    },
    {
    "Date of Last Win": "10/12/13",
    "Games\r": 1134,
    "Losses": 542,
    "Mascot": "Bearcats",
    "Rank": 75,
    "Team": "Cincinnati ",
    "Ties": 50,
    "Winning Percetnage": 0.5,
    "Wins": 542
    },
    {
    "Date of Last Win": "10/5/13",
    "Games\r": 1163,
    "Losses": 557,
    "Mascot": "Commodores",
    "Rank": 76,
    "Team": "Vanderbilt ",
    "Ties": 50,
    "Winning Percetnage": 0.49957,
    "Wins": 556
    },
    {
    "Date of Last Win": "10/12/13",
    "Games\r": 1093,
    "Losses": 526,
    "Mascot": "Bears",
    "Rank": 77,
    "Team": "Baylor ",
    "Ties": 43,
    "Winning Percetnage": 0.49909,
    "Wins": 524
    },
    {
    "Date of Last Win": "10/5/13",
    "Games\r": 1033,
    "Losses": 496,
    "Mascot": "Cougars",
    "Rank": 78,
    "Team": "Washington State ",
    "Ties": 45,
    "Winning Percetnage": 0.49806,
    "Wins": 492
    },
    {
    "Date of Last Win": "10/12/13",
    "Games\r": 1075,
    "Losses": 520,
    "Mascot": "Cowboys",
    "Rank": 79,
    "Team": "Oklahoma State ",
    "Ties": 48,
    "Winning Percetnage": 0.49395,
    "Wins": 507
    },
    {
    "Date of Last Win": "9/31/2013",
    "Games\r": 948,
    "Losses": 465,
    "Mascot": "Blue Devils",
    "Rank": 80,
    "Team": "Duke ",
    "Ties": 31,
    "Winning Percetnage": 0.49314,
    "Wins": 452
    },
    {
    "Date of Last Win": "9/21/13",
    "Games\r": 991,
    "Losses": 488,
    "Mascot": "Aggies",
    "Rank": 81,
    "Team": "Utah State ",
    "Ties": 30,
    "Winning Percetnage": 0.49243,
    "Wins": 473
    },
    {
    "Date of Last Win": "10/5/13",
    "Games\r": 774,
    "Losses": 378,
    "Mascot": "Wolf Pack",
    "Rank": 82,
    "Team": "Nevada-Reno ",
    "Ties": 30,
    "Winning Percetnage": 0.49225,
    "Wins": 366
    },
    {
    "Date of Last Win": "10/12/13",
    "Games\r": 1061,
    "Losses": 516,
    "Mascot": "Bobcats",
    "Rank": 83,
    "Team": "Ohio University ",
    "Ties": 48,
    "Winning Percetnage": 0.49105,
    "Wins": 497
    },
    {
    "Date of Last Win": "10/5/13",
    "Games\r": 1022,
    "Losses": 509,
    "Mascot": "Cowboys",
    "Rank": 84,
    "Team": "Wyoming ",
    "Ties": 28,
    "Winning Percetnage": 0.48826,
    "Wins": 485
    },
    {
    "Date of Last Win": "10/12/13",
    "Games\r": 1002,
    "Losses": 499,
    "Mascot": "Ragin' Cajuns",
    "Rank": 85,
    "Team": "Louisiana-Lafayette ",
    "Ties": 30,
    "Winning Percetnage": 0.48703,
    "Wins": 473
    },
    {
    "Date of Last Win": "10/5/13",
    "Games\r": 1075,
    "Losses": 529,
    "Mascot": "Beavers",
    "Rank": 86,
    "Team": "Oregon State ",
    "Ties": 50,
    "Winning Percetnage": 0.48465,
    "Wins": 496
    },
    {
    "Date of Last Win": "9/28/13",
    "Games\r": 921,
    "Losses": 459,
    "Mascot": "Tigers",
    "Rank": 87,
    "Team": "Memphis ",
    "Ties": 32,
    "Winning Percetnage": 0.48426,
    "Wins": 430
    },
    {
    "Date of Last Win": "9/21/13",
    "Games\r": 982,
    "Losses": 481,
    "Mascot": "Mustangs",
    "Rank": 88,
    "Team": "Southern Methodist ",
    "Ties": 54,
    "Winning Percetnage": 0.48269,
    "Wins": 447
    },
    {
    "Date of Last Win": "10/12/13",
    "Games\r": 0,
    "Losses": 534,
    "Mascot": "Bulldogs",
    "Rank": 89,
    "Team": "Mississippi State ",
    "Ties": 39,
    "Winning Percetnage": 0.4793,
    "Wins": 490
    },
    {
    "Date of Last Win": "10/5/13",
    "Games\r": 730,
    "Losses": 364,
    "Mascot": "Red Wolves",
    "Rank": 90,
    "Team": "Arkansas State ",
    "Ties": 33,
    "Winning Percetnage": 0.47877,
    "Wins": 333
    },
    {
    "Date of Last Win": "10/12/13",
    "Games\r": 1021,
    "Losses": 518,
    "Mascot": "Rams",
    "Rank": 91,
    "Team": "Colorado State ",
    "Ties": 33,
    "Winning Percetnage": 0.47649,
    "Wins": 470
    },
    {
    "Date of Last Win": "10/5/13",
    "Games\r": 851,
    "Losses": 425,
    "Mascot": "Thundering Herd",
    "Rank": 92,
    "Team": "Marshall ",
    "Ties": 43,
    "Winning Percetnage": 0.47532,
    "Wins": 383
    },
    {
    "Date of Last Win": "10/12/13",
    "Games\r": 1004,
    "Losses": 522,
    "Mascot": "Lobos",
    "Rank": 93,
    "Team": "New Mexico ",
    "Ties": 31,
    "Winning Percetnage": 0.46464,
    "Wins": 451
    },
    {
    "Date of Last Win": "9/28/13",
    "Games\r": 1114,
    "Losses": 580,
    "Mascot": "Cyclones",
    "Rank": 94,
    "Team": "Iowa State ",
    "Ties": 45,
    "Winning Percetnage": 0.45916,
    "Wins": 489
    },
    {
    "Date of Last Win": "9/21/13",
    "Games\r": 1097,
    "Losses": 575,
    "Mascot": "Green Wave",
    "Rank": 95,
    "Team": "Tulane ",
    "Ties": 38,
    "Winning Percetnage": 0.45852,
    "Wins": 484
    },
    {
    "Date of Last Win": "10/5/13",
    "Games\r": 992,
    "Losses": 518,
    "Mascot": "Eagles",
    "Rank": 96,
    "Team": "Eastern Michigan ",
    "Ties": 47,
    "Winning Percetnage": 0.45413,
    "Wins": 427
    },
    {
    "Date of Last Win": "10/12/13",
    "Games\r": 473,
    "Losses": 262,
    "Mascot": "Rebels",
    "Rank": 97,
    "Team": "Nevada-Las Vegas ",
    "Ties": 4,
    "Winning Percetnage": 0.44186,
    "Wins": 207
    },
    {
    "Date of Last Win": "10/5/13",
    "Games\r": 1008,
    "Losses": 548,
    "Mascot": "Owls",
    "Rank": 98,
    "Team": "Rice ",
    "Ties": 32,
    "Winning Percetnage": 0.44048,
    "Wins": 428
    },
    {
    "Date of Last Win": "10/12/13",
    "Games\r": 993,
    "Losses": 533,
    "Mascot": "Owls",
    "Rank": 99,
    "Team": "Temple ",
    "Ties": 52,
    "Winning Percetnage": 0.43706,
    "Wins": 408
    },
    {
    "Date of Last Win": "9/28/13",
    "Games\r": 1104,
    "Losses": 604,
    "Mascot": "Wildcats",
    "Rank": 100,
    "Team": "Kansas State ",
    "Ties": 41,
    "Winning Percetnage": 0.43433,
    "Wins": 459
    },
    {
    "Date of Last Win": "9/21/13",
    "Games\r": 1008,
    "Losses": 556,
    "Mascot": "Aggies",
    "Rank": 101,
    "Team": "New Mexico State ",
    "Ties": 32,
    "Winning Percetnage": 0.43254,
    "Wins": 420
    },
    {
    "Date of Last Win": "10/5/13",
    "Games\r": 1125,
    "Losses": 622,
    "Mascot": "Wildcats",
    "Rank": 102,
    "Team": "Northwestern ",
    "Ties": 42,
    "Winning Percetnage": 0.42844,
    "Wins": 461
    },
    {
    "Date of Last Win": "10/12/13",
    "Games\r": 1098,
    "Losses": 610,
    "Mascot": "Hoosiers",
    "Rank": 103,
    "Team": "Indiana ",
    "Ties": 44,
    "Winning Percetnage": 0.42441,
    "Wins": 444
    },
    {
    "Date of Last Win": "9/28/13",
    "Games\r": 610,
    "Losses": 345,
    "Mascot": "Warhawks",
    "Rank": 104,
    "Team": "Louisiana-Monroe ",
    "Ties": 19,
    "Winning Percetnage": 0.41885,
    "Wins": 246
    },
    {
    "Date of Last Win": "9/21/13",
    "Games\r": 1035,
    "Losses": 593,
    "Mascot": "Demon Deacons",
    "Rank": 105,
    "Team": "Wake Forest ",
    "Ties": 33,
    "Winning Percetnage": 0.41111,
    "Wins": 409
    },
    {
    "Date of Last Win": "10/5/13",
    "Games\r": 907,
    "Losses": 520,
    "Mascot": "Miners",
    "Rank": 106,
    "Team": "Texas-El Paso ",
    "Ties": 29,
    "Winning Percetnage": 0.41069,
    "Wins": 358
    },
    {
    "Date of Last Win": "10/12/13",
    "Games\r": 786,
    "Losses": 461,
    "Mascot": "Vandals",
    "Rank": 107,
    "Team": "Idaho ",
    "Ties": 26,
    "Winning Percetnage": 0.39695,
    "Wins": 299
    }
    
]